{
  "short_name": "Betway",
  "name": "Betway",
  "lang": "en-EN",
  "start_url": "/?utm_source=homescreen",
  "display": "standalone",
  "theme_color": "#000000",
  "background_color": "#000000",
  "orientation": "portrait",
  "icons": [
    {
      "src": "../Images/Shared/android-chrome-36x36.png",
      "sizes": "36x36",
      "type": "image/png"
    },
    {
      "src": "../Images/Shared/android-chrome-48x48.png",
      "sizes": "48x48",
      "type": "image/png"
    },
    {
      "src": "../Images/Shared/android-chrome-72x72.png",
      "sizes": "72x72",
      "type": "image/png"
    },
    {
      "src": "../Images/Shared/android-chrome-96x96.png",
      "sizes": "96x96",
      "type": "image/png"
    },
    {
      "src": "../Images/Shared/android-chrome-144x144.png",
      "sizes": "144x144",
      "type": "image/png"
    },
    {
      "src": "../Images/Shared/android-chrome-192x192.png",
      "sizes": "192x192",
      "type": "image/png"
    },
    {
      "src": "../Images/Shared/android-chrome-256x256.png",
      "sizes": "256x256",
      "type": "image/png"
    }
  ],
  "gcm_sender_id": "103953800507"
}